rating,comment
1,I really enjoyed the course! The content was engaging and the instructor was knowledgeable.
-1,"The class was average. Some parts were interesting, but others were a bit confusing."
-1,This course was a waste of time. The material was poorly presented and I didn't learn much.
1,The professor was excellent and made the subject matter come to life.
1,"I have mixed feelings about this class. Some topics were great, but overall it was just okay."
1,I'm so glad I took this course. It exceeded my expectations and I learned a lot.
-1,I regret enrolling in this class. It was disorganized and the assignments were unclear.
1,The course content was dry and unengaging. I struggled to stay focused during lectures.
1,"The projects were challenging, but they helped me grow and improve my skills."
-1,I found this course to be frustrating and unhelpful. I wouldn't recommend it to others.
-1,The instructor seemed disinterested in teaching. I didn't feel motivated to participate.
1,"The course structure was well-designed, and the interactive activities were enjoyable."
-1,I was disappointed by the lack of real-world applications in this course.
1,The guest speakers brought valuable insights and real-world experience to the lectures.
1,I wish there were more opportunities for hands-on practice in this class.
1,I feel much more confident in the subject after completing this course.
0,"The course materials were outdated, and the assessments didn't align with the content."
0,I expected more from this class. It didn't meet my expectations.
1,The group projects were a great way to collaborate and learn from peers.
-1,"The workload was manageable, but some assignments felt repetitive."
1,I would recommend this course to anyone interested in the subject.
-1,"The course was disorganized, and the schedule kept changing without notice."
-1,"The readings were interesting, but the lectures didn't add much value."
1,I'm grateful for the insights I gained from taking this course.
-1,I found the grading criteria to be unclear and inconsistent.
1,"The course was just okay. It didn't stand out, but it wasn't terrible either."
1,The instructor's passion for the subject was evident and made the class enjoyable.
-1,I struggled to stay engaged during the lectures. The material wasn't presented well.
-1,"The class discussions were thought-provoking, but the assessments were confusing."
1,I'm impressed by how much I learned in such a short period. The course was intense but rewarding.
1,I wish the course had covered more practical skills instead of focusing on theory.
-1,The course was forgettable. I didn't gain much from it.
1,I'm amazed by how much my perspective has changed after taking this course.
-1,The course was a disappointment. The content felt outdated and irrelevant.
1,"The workload was reasonable, but the assignments lacked clarity."
1,The course exceeded my expectations. The projects were challenging but fulfilling.
-1,I didn't feel supported by the instructor throughout the course.
0,"The course content had potential, but it was poorly executed."
1,I enjoyed the hands-on labs and the opportunities for practical application.
-1,"The course materials were confusing, and the assessments were unfair."
-1,The course was average. It didn't leave a strong impression on me.
1,I'm grateful for the valuable knowledge I gained from this course.
-1,"The course structure was unclear, and the instructions were vague."
1,"The class discussions were interesting, but the readings were dense."
1,I would highly recommend this course to others.
0,"The lectures were monotonous, and the assignments were tedious."
0,The interactive quizzes helped me gauge my understanding of the material.
1,"I had high hopes for this course, but it fell short of expectations."
-1,"The class presentations were informative, but the textbook was confusing."
1,I found the practical examples in the course to be very beneficial.
0,The course lacked real-world relevance and practical applications.
-1,"The course materials were disorganized, and the workload was heavy."
1,The instructor was engaging and made the course material interesting.
-1,The course was a letdown. The topics were disjointed and poorly explained.
1,"The class discussions were engaging, but the assessments were challenging."
1,I would definitely recommend this course to my peers.
1,"The course was decent, but I was hoping for more hands-on activities."
1,The assignments were thought-provoking and encouraged critical thinking.
0,I found the course content to be too basic for my level of expertise.
-1,"The lectures were informative, but the exams were too difficult."
1,The group projects helped me improve my teamwork and collaboration skills.
-1,"The course structure was confusing, and the pacing was inconsistent."
0,"The readings were relevant, but the class discussions were lackluster."
1,The practical exercises were engaging and helped solidify my understanding.
-1,I struggled to connect with the course material and lost interest.
0,The instructor's teaching style didn't resonate with my learning preferences.
1,I'm impressed by the variety of topics covered in this course.
-1,"The assignments were unclear, and I felt lost throughout the course."
1,"The course content was hit or miss. Some topics were interesting, but others were not."
1,The course exceeded my expectations. I gained valuable insights and knowledge.
-1,I found the course to be disorganized and lacking structure.
1,"The course was satisfactory, but I expected more practical exercises."
1,I'm grateful for the engaging discussions and interactive learning experiences.
1,"The assessments were too challenging, and the course felt overwhelming."
-1,"The course materials were outdated, and the content was difficult to follow."
1,I thoroughly enjoyed the guest lectures and the diverse perspectives they offered.
-1,"The course failed to keep me engaged, and I struggled to focus."
1,"The course was average. It didn't stand out, but it wasn't terrible either."
1,The instructor's enthusiasm made the course enjoyable and engaging.
1,"The course content was dry, and I found it difficult to stay engaged."
1,The group projects were valuable learning opportunities.
-1,"The course was disorganized, and the assignments were confusing."
1,"The course was mediocre, and I didn't feel challenged."
1,The interactive activities were a highlight of the course.
-1,"I struggled to understand the material, and the assessments were unfair."
0,"The course was decent, but I expected more hands-on activities."
1,The instructor was knowledgeable and made the subject matter interesting.
-1,I was frustrated by the lack of clear instructions and guidance.
1,"The course content was interesting, but the assignments were too time-consuming."
1,The practical projects were a valuable part of the learning experience.
-1,"The course was poorly structured, and I had trouble following along."
1,"The class discussions were thought-provoking, but the assessments were challenging."
1,I'm grateful for the practical skills I gained from this course.
1,"The workload was manageable, but the assignments lacked clarity."
1,I thoroughly enjoyed the course and found it to be very informative.
-1,"The course materials were confusing, and I struggled to understand the concepts."
0,The course was average. It didn't meet my expectations.
1,"The course exceeded my expectations, and I gained valuable knowledge."
0,"The lectures were monotonous, and the assessments were tedious."
